CREATE DATABASE capstone_database;

USE capstone_database;

DROP TABLE IF EXISTS `People`;
CREATE TABLE people (
    BannerId char(9) PRIMARY KEY NOT NULL UNIQUE,
    FirstName varchar(45) NOT NULL,
    LastName varchar(45) NOT NULL,
    HasParkingPass char(1) NOT NULL
);

INSERT INTO `people` VALUES ('810722400','Chesley','Cartwright','1'),
('810722401','Demetrius','Swaniawski','0'),
('810722402','Cleora','Corkery','0'),
('810722403','Kristian','West','1'),
('810722404','Trinity','Emmerich','1'),
('810722405','Marta','Hartmann','1'),
('810722406','Stewart','Beahan','1'),
('810722407','Reuben','Brakus','1'),
('810722408','Edyth','Reichel','1'),
('810722409','Zachary','Windler','1'),
('810722411','April','Wisozk','0'),
('810722412','Precious','Schmidt','1'),
('810722413','Esta','Paucek','1'),
('810722414','Ahmed','Hermiston','0'),
('810722415','Idella','McGlynn','1'),
('810722416','Ned','Abbott','1'),
('810722417','Alec','O\'Hara','1'),
('810722418','Magdalena','Schneider','0'),
('810722419','Moses','Hintz','0'),
('810722420','Selina','Mayer','1'),
('810722421','Lynn','Torphy','0'),
('810722422','Lou','Block','0'),
('810722423','Bailey','Cummerata','0'),
('810722424','Kayley','Gleichner','0'),
('810722425','Roosevelt','Crist','1'),
('810722426','Marques','Little','1'),
('810722427','Tillman','Schoen','0'),
('810722428','Marcelino','Turcotte','1'),
('810722429','Jedediah','Padberg','0'),
('810722430','Brayan','Schmidt','1'),
('810722431','Kiarra','Morar','1'),
('810722432','Sadye','Jerde','0'),
('810722433','Leif','Lueilwitz','0'),
('810722434','Catherine','Fay','1'),
('810722435','Antonia','Weber','1'),
('810722436','Euna','Kling','0'),
('810722437','Alta','Moore','0'),
('810722438','Karelle','Zboncak','0'),
('810722439','Hubert','Rempel','1'),
('810722440','Vickie','White','0'),
('810722441','Clemens','Fisher','1'),
('810722442','Pat','Huel','0'),
('810722443','Aiden','Larkin','0'),
('810722444','Tremayne','Pacocha','0'),
('810722445','Markus','Morissette','1'),
('810722446','Lavada','Cronin','0'),
('810722447','Megane','Stiedemann','0'),
('810722448','Mohammed','Ferry','0'),
('810722449','Aglae','Fadel','1'),
('810722450','Nikki','Herman','0'); 

DROP TABLE IF EXISTS `Building`;
CREATE TABLE Building (
    BuildingId char(4) PRIMARY KEY UNIQUE NOT NULL,
    Building varchar(25),
    Address varchar(99)
);

INSERT INTO `Building` VALUES ('1001','Bussiness','613 E Summit St, Kent, OH 44240, USA'),
('1002','Kent','Art Annex, Kent, OH 44243, USA'),
('1003','Moulton',' Terrace Hall, Kent, OH 44243, USA'),
('1004','Performing arts','Center for the Performing Arts, 1325 Theatre Dr, Kent, OH 44243, USA'),
('1005','Prentice',' KSU Midway at Verder Hall SB, Kent, OH 44243, USA');

DROP TABLE IF EXISTS `Meter`;
CREATE TABLE Meter (
    MeterId char(4) PRIMARY KEY UNIQUE NOT NULL,
    Building varchar(25), 
    BuildingId char(4) NOT NULL , 
    Latitude decimal(10,8) NOT NULL ,
    Longitude decimal(11,8) NOT NULL,
    Occupied char(1) NOT NULL,
    CONSTRAINT Buildingpk foreign key(BuildingId) references building(BuildingId)
);

INSERT INTO `Meter` VALUES ('1001','Bussiness','1001','41.14924832','-81.34914407','1'),
('1002','Kent','1002','41.15116743','-81.34783114','1'),
('1003','Moulton','1003','41.15284554','-81.34504089','0'),
('1004','Performing arts','1004','41.15225943','-81.33981127','0'),
('1005','Prentice','1005','41.15189667','-81.34226609 ','1'); 
 
DROP TABLE IF EXISTS `_usage`;
CREATE TABLE _usage (
    TransactionId char(4) PRIMARY KEY UNIQUE NOT NULL,
    BannerId char(9) NOT NULL,
    MeterId char(4) NOT NULL,
    StartTime datetime NOT NULL,
    EndTime datetime,
    TotalTime datetime,
    CONSTRAINT Peoplepk foreign key(BannerId) references people(BannerId),
    CONSTRAINT Meterpk foreign key(MeterId) references meter(MeterId)
);

INSERT INTO `_usage` VALUES
('1001','810722401','1001','2019-01-01 10:00:00','2019-01-01 10:00:01','2019-01-01 10:00:02'),
('1002','810722402','1001','2019-01-01 10:00:00','2019-01-01 10:00:01','2019-01-01 10:00:02'),
('1003','810722403','1001','2019-01-01 10:00:00','2019-01-01 10:00:01','2019-01-01 10:00:02'),
('1004','810722404','1001','2019-01-01 10:00:00','2019-01-01 10:00:01','2019-01-01 10:00:02'),
('1005','810722405','1001','2019-01-01 10:00:00','2019-01-01 10:00:01','2019-01-01 10:00:02'),
('1006','810722406','1001','2019-01-01 10:00:00','2019-01-01 10:00:01','2019-01-01 10:00:02'),
('1007','810722407','1001','2019-01-01 10:00:00','2019-01-01 10:00:01','2019-01-01 10:00:02'),
('1008','810722408','1001','2019-01-01 10:00:00','2019-01-01 10:00:01','2019-01-01 10:00:02'),
('1009','810722409','1001','2019-01-01 10:00:00','2019-01-01 10:00:01','2019-01-01 10:00:02'),
('1010','810722411','1002','2019-01-01 10:00:00','2019-01-01 10:00:01','2019-01-01 10:00:02'),
('1011','810722412','1002','2019-01-01 10:00:00','2019-01-01 10:00:01','2019-01-01 10:00:02'),
('1013','810722413','1002','2019-01-01 10:00:00','2019-01-01 10:00:01','2019-01-01 10:00:02'),
('1014','810722414','1002','2019-01-01 10:00:00','2019-01-01 10:00:01','2019-01-01 10:00:02'),
('1015','810722415','1002','2019-01-01 10:00:00','2019-01-01 10:00:01','2019-01-01 10:00:02'),
('1016','810722416','1002','2019-01-01 10:00:00','2019-01-01 10:00:01','2019-01-01 10:00:02'),
('1017','810722417','1002','2019-01-01 10:00:00','2019-01-01 10:00:01','2019-01-01 10:00:02'),
('1018','810722418','1002','2019-01-01 10:00:00','2019-01-01 10:00:01','2019-01-01 10:00:02'),
('1019','810722419','1002','2019-01-01 10:00:00','2019-01-01 10:00:01','2019-01-01 10:00:02'),
('1020','810722420','1002','2019-01-01 10:00:00','2019-01-01 10:00:01','2019-01-01 10:00:02'),
('1021','810722421','1003','2019-01-01 10:00:00','2019-01-01 10:00:01','2019-01-01 10:00:02'),
('1022','810722422','1003','2019-01-01 10:00:00','2019-01-01 10:00:01','2019-01-01 10:00:02'),
('1023','810722423','1003','2019-01-01 10:00:00','2019-01-01 10:00:01','2019-01-01 10:00:02'),
('1024','810722424','1003','2019-01-01 10:00:00','2019-01-01 10:00:01','2019-01-01 10:00:02'),
('1025','810722425','1003','2019-01-01 10:00:00','2019-01-01 10:00:01','2019-01-01 10:00:02'),
('1026','810722426','1003','2019-01-01 10:00:00','2019-01-01 10:00:01','2019-01-01 10:00:02'),
('1027','810722427','1003','2019-01-01 10:00:00','2019-01-01 10:00:01','2019-01-01 10:00:02'),
('1028','810722428','1003','2019-01-01 10:00:00','2019-01-01 10:00:01','2019-01-01 10:00:02'),
('1029','810722429','1003','2019-01-01 10:00:00','2019-01-01 10:00:01','2019-01-01 10:00:02'),
('1030','810722430','1003','2019-01-01 10:00:00','2019-01-01 10:00:01','2019-01-01 10:00:02'),
('1031','810722431','1004','2019-01-01 10:00:00','2019-01-01 10:00:01','2019-01-01 10:00:02'),
('1032','810722432','1004','2019-01-01 10:00:00','2019-01-01 10:00:01','2019-01-01 10:00:02'),
('1033','810722433','1004','2019-01-01 10:00:00','2019-01-01 10:00:01','2019-01-01 10:00:02'),
('1034','810722434','1004','2019-01-01 10:00:00','2019-01-01 10:00:01','2019-01-01 10:00:02'),
('1035','810722435','1004','2019-01-01 10:00:00','2019-01-01 10:00:01','2019-01-01 10:00:02'),
('1036','810722436','1004','2019-01-01 10:00:00','2019-01-01 10:00:01','2019-01-01 10:00:02'),
('1037','810722437','1004','2019-01-01 10:00:00','2019-01-01 10:00:01','2019-01-01 10:00:02'),
('1038','810722438','1004','2019-01-01 10:00:00','2019-01-01 10:00:01','2019-01-01 10:00:02'),
('1039','810722439','1004','2019-01-01 10:00:00','2019-01-01 10:00:01','2019-01-01 10:00:02'),
('1040','810722440','1004','2019-01-01 10:00:00','2019-01-01 10:00:01','2019-01-01 10:00:02'),
('1041','810722441','1005','2019-01-01 10:00:00','2019-01-01 10:00:01','2019-01-01 10:00:02'),
('1042','810722442','1005','2019-01-01 10:00:00','2019-01-01 10:00:01','2019-01-01 10:00:02'),
('1043','810722443','1005','2019-01-01 10:00:00','2019-01-01 10:00:01','2019-01-01 10:00:02'),
('1044','810722444','1005','2019-01-01 10:00:00','2019-01-01 10:00:01','2019-01-01 10:00:02'),
('1045','810722445','1005','2019-01-01 10:00:00','2019-01-01 10:00:01','2019-01-01 10:00:02'),
('1046','810722446','1005','2019-01-01 10:00:00','2019-01-01 10:00:01','2019-01-01 10:00:02'),
('1047','810722447','1005','2019-01-01 10:00:00','2019-01-01 10:00:01','2019-01-01 10:00:02'),
('1048','810722448','1005','2019-01-01 10:00:00','2019-01-01 10:00:01','2019-01-01 10:00:02'),
('1049','810722449','1005','2019-01-01 10:00:00','2019-01-01 10:00:01','2019-01-01 10:00:02'),
('1050','810722450','1005','2019-01-01 10:00:00','2019-01-01 10:00:01','2019-01-01 10:00:02'); 





